<?xml version="1.0" encoding="UTF-8"?>
<metadata xml:lang="en"><Esri><CreaDate>20141202</CreaDate><CreaTime>19520900</CreaTime><ArcGISFormat>1.0</ArcGISFormat><SyncOnce>TRUE</SyncOnce><DataProperties><itemProps><itemLocation><linkage Sync="TRUE">file://\\TEMP-JXO-D2\D$\Gis_Rs\Copy\robReach</linkage><protocol Sync="TRUE">Local Area Network</protocol></itemLocation></itemProps><copyHistory><copy source="D:\Gis_Rs\Ethiopia\xoAPEX\Inputs\robReach" dest="\\TEMP-JXO-D2\D$\Gis_Rs\Copy\robReach" date="20141202" time="19520900"></copy></copyHistory></DataProperties></Esri></metadata>
